{"cameraMode":{"drawMode":0,"name":"Shaded","section":"Shading Mode"},"sceneLighting":true,"audioPlay":false,"sceneViewState":{"m_AlwaysRefresh":false,"showFog":true,"showSkybox":true,"showFlares":true,"showImageEffects":true,"showParticleSystems":true,"showVisualEffectGraphs":true,"m_FxEnabled":true},"in2DMode":false,"pivot":{"x":42.70525360107422,"y":764.7246704101563,"z":-888.6343994140625},"rotation":{"x":-0.32341402769088747,"y":-0.04427841305732727,"z":0.015167969278991223,"w":-0.9451378583908081},"size":1.1720010042190552,"orthographic":false}