{"cameraMode":{"drawMode":0,"name":"Shaded","section":"Shading Mode"},"sceneLighting":true,"audioPlay":false,"sceneViewState":{"m_AlwaysRefresh":false,"showFog":true,"showSkybox":true,"showFlares":true,"showImageEffects":true,"showParticleSystems":true,"showVisualEffectGraphs":true,"m_FxEnabled":true},"in2DMode":false,"pivot":{"x":4.601593971252441,"y":12.62229061126709,"z":-43.368282318115237},"rotation":{"x":0.024257173761725427,"y":0.058130815625190738,"z":0.0014408946735784412,"w":-0.9980407953262329},"size":1.2155532836914063,"orthographic":false}