{"cameraMode":{"drawMode":0,"name":"Shaded","section":"Shading Mode"},"sceneLighting":true,"audioPlay":false,"sceneViewState":{"m_AlwaysRefresh":false,"showFog":true,"showSkybox":true,"showFlares":true,"showImageEffects":true,"showParticleSystems":true,"showVisualEffectGraphs":true,"m_FxEnabled":true},"in2DMode":false,"pivot":{"x":21.203771591186525,"y":51.678707122802737,"z":-89.74044799804688},"rotation":{"x":0.009596253745257855,"y":0.024909410625696183,"z":-0.00023468158906325698,"w":0.9996553659439087},"size":14.138688087463379,"orthographic":false}