{"cameraMode":{"drawMode":0,"name":"Shaded","section":"Shading Mode"},"sceneLighting":true,"audioPlay":false,"sceneViewState":{"m_AlwaysRefresh":false,"showFog":true,"showSkybox":true,"showFlares":true,"showImageEffects":true,"showParticleSystems":true,"showVisualEffectGraphs":true,"m_FxEnabled":true},"in2DMode":false,"pivot":{"x":-10.750849723815918,"y":12.447556495666504,"z":16.105270385742189},"rotation":{"x":-0.1284472942352295,"y":0.2260773926973343,"z":-0.030087819322943689,"w":-0.9651336669921875},"size":36.54508972167969,"orthographic":false}